Model,RMSE,Precision@K,Recall@K,K,Notes
NCF (Neural),0.8972377894015238,0.5585976627712855,0.6764455494069651,10,"Epochs=50, Batch=512"
