Model,RMSE,Precision@K,Recall@K,K,Notes
Hybrid (CBF+CF),0.7463451345613914,0.4015985790408525,0.7795048364904599,10,Ridge meta-learner
